id,first_name,last_name,gender,robot_serial,robot_color,field_test_1,field_test_2,field_test_3
1,Joletta,Dimeloe,Female,RS:639_7187,Indigo,57,39,81
2,Ketti,Fahy,Female,RS:438_5895,Mauv,58,86,56
3,Felizio,Hobden,Male,RS:786_0346,Fuscia,57,65,78
4,Ferdinande,Rontree,Female,RS:141_6524,Maroon,78,83,92
5,Dorelle,Kleinsmuntz,Female,RS:671_3647,Turquoise,54,85,46
6,Gwenni,Helstrip,Female,RS:016_1213,Blue,66,79,97
7,Laina,Huws,Female,RS:858_4322,Violet,96,62,62
8,Whitman,Harriagn,Male,RS:298_6292,Turquoise,60,69,95
9,Fonz,Yakubov,Male,RS:188_9352,Orange,74,74,73
10,Edlin,Pursglove,Male,RS:062_0497,Violet,81,46,98
11,Noellyn,Searjeant,Female,RS:010_7415,Red,87,53,97
12,Jessa,McPhaden,Female,RS:557_1846,Crimson,97,81,52
13,Kermie,Daid,Male,RS:974_2746,Orange,87,63,79
14,Shelby,Gueste,Female,RS:876_7511,Green,53,61,51
15,Onfre,Astall,Male,RS:768_3620,Blue,57,73,96
16,Moria,Bowley,Female,RS:827_5059,Pink,98,39,57
17,Julieta,Coveley,Female,RS:454_7403,Violet,61,83,53
18,Axel,Togwell,Male,RS:399_4443,Orange,67,53,76
19,Tristam,Aspel,Male,RS:502_3825,Turquoise,77,89,49
20,Rhys,Peattie,Male,RS:804_6072,Pink,93,78,37
21,Burl,Guerri,Male,RS:257_1538,Khaki,95,84,79
22,Julissa,Wenn,Female,RS:340_4533,Puce,76,41,86
23,Phedra,Purchase,Female,RS:013_2757,Fuscia,94,39,53
24,Nelle,Paulucci,Female,RS:366_8711,Puce,64,45,75
25,Giffer,Youell,Male,RS:964_3710,Red,100,97,61
26,Cody,Patry,Male,RS:198_7595,Blue,99,49,52
27,Libbie,Woollhead,Female,RS:743_5794,Maroon,66,99,40
28,Felice,Marcq,Male,RS:316_7833,Aquamarine,93,83,56
29,Breanne,Fehner,Female,RS:680_8911,Teal,69,58,49
30,Inglis,Conring,Male,RS:872_5510,Mauv,64,88,82
31,Barbara-anne,Lockhurst,Female,RS:953_4882,Yellow,50,77,55
32,Tulley,Curtois,Male,RS:058_0378,Mauv,65,36,46
33,Nickie,Keld,Female,RS:905_2707,Goldenrod,75,73,35
34,Christiane,Crufts,Female,RS:772_6541,Mauv,50,78,75
35,Bernhard,Langtry,Male,RS:130_3540,Violet,52,76,99
36,Cornelle,Huke,Female,RS:712_5814,Green,75,82,80
37,Marshal,Sankey,Male,RS:623_5931,Indigo,59,65,47
38,Alejandro,Reames,Male,RS:123_5909,Pink,84,79,41
39,Chiquia,Dainty,Female,RS:089_3386,Yellow,58,92,76
40,Reg,Cuttles,Male,RS:823_1093,Mauv,68,66,83
41,Charlene,Abdey,Female,RS:784_7156,Indigo,70,81,76
42,Zita,Hambatch,Female,RS:049_1309,Fuscia,54,65,57
43,Herschel,O'Doohaine,Male,RS:256_3462,Purple,61,77,98
44,Stavro,Barthelme,Male,RS:407_9476,Fuscia,67,70,41
45,Bette-ann,Ensor,Female,RS:090_9770,Green,53,86,86
46,Cass,Walding,Male,RS:166_5246,Maroon,87,57,80
47,Averill,McJerrow,Male,RS:283_9640,Yellow,92,51,47
48,Lazarus,Slyman,Male,RS:297_7730,Yellow,51,93,36
49,Roseann,Kiley,Female,RS:896_0407,Green,73,56,70
50,Merill,Wrightem,Male,RS:291_8359,Crimson,55,92,59
51,Kit,Monelli,Female,RS:189_8962,Aquamarine,67,51,57
52,Corbet,Langsbury,Male,RS:700_2759,Violet,76,44,72
53,Gawain,Obal,Male,RS:828_8328,Fuscia,71,53,95
54,Denys,O' Mara,Female,RS:555_3010,Fuscia,84,78,48
55,Andrew,Hodjetts,Male,RS:020_1214,Crimson,80,99,99
56,Dorie,Baribal,Male,RS:344_3766,Khaki,97,49,63
57,Will,Grewes,Male,RS:634_3479,Crimson,76,35,79
58,Haskel,Auchinleck,Male,RS:806_9467,Yellow,99,54,72
59,Remington,Owbrick,Male,RS:790_6174,Mauv,63,71,99
60,Lanie,Glanfield,Male,RS:592_3745,Aquamarine,85,98,39
61,Fern,Rockwell,Female,RS:189_7993,Indigo,95,63,74
62,Fredia,Goldsack,Female,RS:216_1761,Red,59,57,98
63,Sheila,Tures,Female,RS:262_7036,Red,52,38,52
64,Sunny,Hendren,Male,RS:126_9152,Aquamarine,55,70,52
65,Torrie,Denver,Female,RS:381_8668,Blue,96,80,67
66,Madelon,Diehn,Female,RS:538_4775,Green,59,55,92
67,Lonny,Harriman,Male,RS:362_5960,Maroon,88,69,36
68,Killian,Maddigan,Male,RS:516_8778,Crimson,60,48,84
69,Marlane,Charlewood,Female,RS:646_0709,Green,86,59,78
70,Roxanna,Deniseau,Female,RS:233_0657,Crimson,52,48,43
71,Hillier,Fenner,Male,RS:576_0006,Yellow,69,76,59
72,Harmonia,Colwill,Female,RS:197_2901,Blue,61,82,41
73,Nettie,Rominov,Female,RS:800_4441,Blue,62,46,82
74,Park,Revel,Male,RS:463_8012,Crimson,70,74,37
75,Tawnya,Samuel,Female,RS:250_3311,Blue,51,52,100
76,Thatcher,Mays,Male,RS:865_1051,Puce,84,71,94
77,Giacomo,Van Hesteren,Male,RS:286_3836,Blue,99,49,73
78,Prent,Scammonden,Male,RS:897_9766,Aquamarine,68,97,84
79,Maxie,Tremblet,Male,RS:030_5501,Red,87,97,75
80,Dallas,Kimmel,Female,RS:993_1099,Turquoise,84,84,44
81,Catlin,Quantick,Female,RS:964_2031,Khaki,92,65,76
82,Ethelbert,Trudgian,Male,RS:098_3642,Aquamarine,73,94,38
83,Leeann,Caulket,Female,RS:217_6917,Blue,61,70,69
84,Tynan,Crissil,Male,RS:606_8674,Maroon,78,84,69
85,Atlanta,Godin,Female,RS:416_0979,Red,73,39,93
86,Marven,Hubbucke,Male,RS:976_7968,Violet,80,83,69
87,Sawyer,Dayment,Male,RS:054_8531,Goldenrod,88,87,91
88,Roy,Peggs,Male,RS:589_0815,Red,90,79,44
89,Peyter,Graffin,Male,RS:074_8495,Blue,79,90,75
90,Sargent,Radish,Male,RS:376_0853,Red,58,53,98
91,Wayland,Meikle,Male,RS:547_8301,Purple,84,73,50
92,Ernestine,Gerriet,Female,RS:616_5557,Violet,80,86,90
93,Sandro,Hallows,Male,RS:150_6487,Fuscia,87,45,72
94,Benito,Choules,Male,RS:561_6537,Fuscia,79,66,61
95,Micheil,Burberow,Male,RS:526_3697,Pink,84,68,54
96,Loretta,Lambertz,Female,RS:509_7031,Yellow,84,93,85
97,Aldridge,Jodrellec,Male,RS:178_5328,Teal,57,79,41
98,Katrine,Bavister,Female,RS:960_1474,Blue,91,83,76
99,Angus,Woodson,Male,RS:680_1973,Pink,88,35,68
100,Meta,Stormonth,Female,RS:398_0103,Green,96,51,69
101,Marissa,McCafferky,Female,RS:068_9363,Crimson,56,63,72
102,Bette-ann,Copello,Female,RS:808_6864,Orange,55,58,64
103,Chalmers,Tearney,Male,RS:390_0474,Violet,98,60,57
104,Renault,Danford,Male,RS:893_0574,Red,90,78,55
105,Tracey,Petran,Male,RS:442_6235,Fuscia,94,48,85
106,Cordy,Pyford,Male,RS:246_6297,Purple,71,48,50
107,Felizio,Polye,Male,RS:907_9411,Yellow,67,79,65
108,Charis,Dibner,Female,RS:985_5618,Teal,56,73,56
109,Sandy,Szymanzyk,Male,RS:398_5506,Aquamarine,65,50,40
110,Sanders,Mitchley,Male,RS:271_9960,Aquamarine,87,63,44
111,Jenni,Paunton,Female,RS:226_0002,Mauv,68,84,53
112,Genovera,Ziemen,Female,RS:487_6927,Khaki,75,94,95
113,Burg,Rakestraw,Male,RS:126_3946,Indigo,59,79,84
114,Archambault,Lermouth,Male,RS:533_9037,Goldenrod,64,37,68
115,Raoul,Wankel,Male,RS:709_8614,Crimson,82,62,56
116,Bonny,Silvermann,Female,RS:222_1188,Mauv,60,79,52
117,Lothaire,Tynnan,Male,RS:315_9446,Red,57,36,67
118,Dosi,Risman,Female,RS:198_0793,Pink,70,91,77
119,Pauline,Abrahamian,Female,RS:050_8364,Pink,92,63,43
120,Blair,Ormiston,Female,RS:809_7800,Violet,60,59,47
121,Griffith,Eltun,Male,RS:942_0378,Teal,60,81,68
122,Lotte,Iacobacci,Female,RS:452_4756,Fuscia,76,36,61
123,Lawry,Mahaffey,Male,RS:509_1650,Green,95,81,98
124,Garvy,Thorley,Male,RS:218_7592,Turquoise,85,54,87
125,Noell,Catterill,Female,RS:212_6364,Blue,89,95,46
126,Rosetta,Hause,Female,RS:119_3525,Yellow,52,91,46
127,Nananne,Golthorpp,Female,RS:893_6738,Blue,95,42,35
128,Sigfried,Mansfield,Male,RS:435_9875,Turquoise,90,65,57
129,Ernestus,Oldknow,Male,RS:448_7143,Pink,60,73,79
130,Filippo,Defond,Male,RS:094_6111,Turquoise,80,80,84
131,Bentley,Trulock,Male,RS:100_5306,Purple,90,51,68
132,Maegan,Beamish,Female,RS:850_6670,Blue,59,50,67
133,Reynard,Heikkinen,Male,RS:254_4886,Khaki,83,42,54
134,Bail,Upham,Male,RS:054_7754,Purple,52,56,80
135,Bren,Dodshun,Male,RS:921_7983,Maroon,65,72,94
136,Stormie,Western,Female,RS:320_6087,Maroon,93,35,38
137,Madge,Yourell,Female,RS:566_9639,Pink,72,52,35
138,Darell,Burston,Female,RS:906_4199,Violet,52,95,41
139,Blinny,Van den Broek,Female,RS:575_3489,Crimson,71,82,47
140,Jose,Burberye,Male,RS:084_9879,Green,84,75,38
141,Brana,Eyckel,Female,RS:774_5390,Aquamarine,52,52,61
142,Kaylyn,Cashell,Female,RS:681_3466,Turquoise,78,88,73
143,Kaila,Myott,Female,RS:921_1131,Yellow,93,66,91
144,Manfred,Orts,Male,RS:318_8361,Violet,57,45,74
145,Patsy,Drinnan,Female,RS:600_3638,Indigo,79,56,55
146,Nowell,Pusey,Male,RS:642_1623,Khaki,86,41,72
147,Gwenneth,Ridehalgh,Female,RS:471_0310,Teal,86,54,67
148,Rosemarie,Gascard,Female,RS:374_8748,Crimson,78,46,71
149,Frazier,Airy,Male,RS:949_8340,Puce,73,49,67
150,Thor,Brockie,Male,RS:292_9529,Yellow,92,70,83
151,Brigham,Cawkwell,Male,RS:494_4863,Orange,55,74,75
152,Leodora,Mort,Female,RS:341_0973,Orange,78,84,42
153,Kiersten,Ryding,Female,RS:595_5927,Violet,88,93,93
154,Trista,McLardie,Female,RS:431_4545,Teal,69,68,89
155,Leigh,Turgoose,Male,RS:120_2543,Fuscia,70,63,51
156,Cos,Gartrell,Male,RS:954_7422,Teal,78,97,77
157,Sharai,Major,Female,RS:363_4921,Mauv,97,55,77
158,Tuck,Skoughman,Male,RS:045_6028,Orange,61,58,49
159,Sherline,Dufaur,Female,RS:676_5972,Violet,76,91,55
160,Fabian,Halwell,Male,RS:308_0371,Teal,71,40,67
161,Crissie,Menego,Female,RS:871_4909,Teal,53,52,41
162,Clare,Rowter,Female,RS:756_1666,Goldenrod,74,87,87
163,Chloette,Kepp,Female,RS:284_5273,Mauv,80,51,56
164,Ezekiel,Doorey,Male,RS:917_7819,Red,68,75,67
165,Westbrooke,Lethbury,Male,RS:519_0258,Turquoise,76,49,58
166,Malva,Petlyura,Female,RS:676_4150,Purple,82,92,36
167,Theresina,Dobrovolny,Female,RS:510_6091,Khaki,90,84,66
168,Tracy,McGreary,Female,RS:567_1433,Pink,82,39,40
169,Salvador,Keggins,Male,RS:547_8588,Red,88,56,95
170,Frank,Aubin,Female,RS:621_3241,Fuscia,60,83,74
171,Vanya,Chisnall,Female,RS:654_5527,Violet,69,55,74
172,Drugi,Phear,Male,RS:730_4641,Goldenrod,52,79,59
173,Ring,Dixsee,Male,RS:702_2555,Puce,97,86,66
174,Jerrilyn,Pleass,Female,RS:513_6745,Blue,56,60,35
175,Luciano,Stonehewer,Male,RS:204_6164,Green,71,37,53
176,Myrle,Grundell,Female,RS:161_0210,Blue,71,90,99
177,Amory,Bernardeau,Male,RS:198_6493,Fuscia,97,44,76
178,Kennett,Doumic,Male,RS:804_5254,Turquoise,55,36,100
179,Jozef,Vahl,Male,RS:506_7615,Pink,94,36,79
180,Tresa,Asplin,Female,RS:121_8915,Puce,52,40,89
181,Mora,Bennison,Female,RS:822_5966,Goldenrod,88,36,68
182,Demetri,Linsey,Male,RS:983_2206,Teal,88,41,63
183,Nelson,Ashfield,Male,RS:716_0307,Turquoise,78,94,89
184,Deina,Lovat,Female,RS:500_2623,Maroon,73,98,66
185,Lura,Kenewell,Female,RS:123_8154,Mauv,76,49,75
186,Tobias,Potten,Male,RS:609_2042,Maroon,98,96,88
187,Hakim,Nathan,Male,RS:908_5360,Goldenrod,78,96,41
188,Chane,Dislee,Male,RS:945_2291,Violet,51,41,66
189,Estelle,McCanny,Female,RS:061_4989,Puce,67,98,36
190,Denys,Ingliby,Female,RS:302_9312,Orange,65,81,57
191,Ad,Townsend,Male,RS:062_4250,Blue,91,67,41
192,Shantee,Shafier,Female,RS:712_6356,Blue,75,52,71
193,Putnem,Bernhardsson,Male,RS:255_2854,Blue,82,41,94
194,Vasily,Hamshaw,Male,RS:439_1725,Green,67,48,59
195,Lusa,Persian,Female,RS:290_9630,Maroon,69,49,60
196,Briana,Pritchitt,Female,RS:439_9514,Puce,61,72,46
197,Gottfried,Rolph,Male,RS:804_6428,Aquamarine,98,84,62
198,Geralda,Matteo,Female,RS:644_8529,Turquoise,63,62,59
199,Kerk,Klauber,Male,RS:724_6061,Orange,80,39,99
200,Town,Newport,Male,RS:069_5590,Indigo,82,42,68
201,Dall,MacCoughen,Male,RS:927_3629,Green,81,88,86
202,Cayla,Hugle,Female,RS:973_6913,Aquamarine,91,95,85
203,Dion,Force,Male,RS:824_0141,Purple,63,51,41
204,Durant,Segrave,Male,RS:548_4377,Orange,72,71,44
205,Bernadine,Keefe,Female,RS:027_9222,Blue,100,87,95
206,Hort,Elcox,Male,RS:879_4972,Indigo,85,50,61
207,Fanni,Jedrych,Female,RS:173_1015,Blue,54,61,89
208,Tiffani,Ionnisian,Female,RS:308_5137,Puce,79,43,88
209,Gerhard,Hamlington,Male,RS:123_6283,Fuscia,83,59,80
210,Leandra,Whitebread,Female,RS:362_5783,Purple,77,64,82
211,Kerwinn,Dinnies,Male,RS:868_3080,Purple,61,49,53
212,Leda,Jendricke,Female,RS:438_3981,Purple,72,88,98
213,Norrie,Leyes,Female,RS:375_9582,Orange,63,85,64
214,Durand,McConnulty,Male,RS:055_9149,Pink,79,67,76
215,Clarabelle,Christal,Female,RS:963_4175,Fuscia,53,82,79
216,Shayla,Kiltie,Female,RS:222_0636,Maroon,60,86,83
217,Celestine,Bardell,Female,RS:983_1570,Goldenrod,75,93,68
218,Mersey,Biesinger,Female,RS:362_8213,Goldenrod,85,41,98
219,Starla,Uglow,Female,RS:832_8973,Pink,62,59,76
220,Donnie,Yurenin,Male,RS:409_9992,Aquamarine,83,67,48
221,Aluino,Fatharly,Male,RS:305_2306,Green,72,75,43
222,Rog,Tyson,Male,RS:980_8010,Orange,62,40,77
223,Sherye,Petrak,Female,RS:086_3766,Blue,88,82,47
224,Beth,Durrand,Female,RS:647_9505,Purple,88,100,45
225,Towny,Roantree,Male,RS:402_3226,Orange,93,35,82
226,Horatius,Eick,Male,RS:562_0047,Pink,71,99,72
227,Dniren,Manners,Female,RS:069_7917,Orange,95,54,59
228,Harlin,Elsworth,Male,RS:429_2301,Goldenrod,68,39,76
229,Branden,Schmuhl,Male,RS:350_3150,Turquoise,58,75,75
230,Keenan,Bes,Male,RS:991_7088,Purple,75,90,38
231,Jayne,Itzkovich,Female,RS:622_5900,Crimson,73,36,83
232,Jeralee,Akitt,Female,RS:079_9260,Mauv,59,90,47
233,Jyoti,Todd,Female,RS:292_8410,Goldenrod,94,50,71
234,Pate,Fisby,Male,RS:990_5515,Goldenrod,72,80,53
235,Chiarra,Eacott,Female,RS:587_5085,Red,58,40,68
236,Clyve,Squibbes,Male,RS:453_0875,Blue,52,85,48
237,Katine,Pumfrett,Female,RS:395_8847,Red,68,65,93
238,Estrella,Clucas,Female,RS:710_5949,Orange,58,68,56
239,Bern,Franciskiewicz,Male,RS:685_3005,Khaki,100,45,71
240,Morganica,Hanlon,Female,RS:800_0820,Yellow,66,86,97
241,Curt,Hasty,Male,RS:466_3823,Khaki,91,56,54
242,Klement,Gledhill,Male,RS:884_8126,Aquamarine,100,100,64
243,Fedora,Woodland,Female,RS:196_9634,Maroon,52,92,97
244,Bradan,MacAnulty,Male,RS:314_5652,Blue,80,40,87
245,Vaclav,Pauleau,Male,RS:857_1029,Puce,85,87,90
246,Alikee,Bothwell,Female,RS:531_8443,Crimson,51,60,73
247,Barnebas,Vellacott,Male,RS:450_4857,Khaki,81,68,36
248,Karna,De la Zenne,Female,RS:164_2859,Puce,94,99,53
249,Alister,Peet,Male,RS:351_5235,Crimson,97,77,39
250,Eben,Gillhespy,Male,RS:402_6941,Turquoise,68,76,43
251,Cody,Alves,Male,RS:558_2216,Crimson,96,74,87
252,Lilah,Rayson,Female,RS:800_7637,Aquamarine,52,37,63
253,Sheridan,Kingzett,Male,RS:181_3806,Orange,56,69,48
254,Huey,Ipgrave,Male,RS:363_4213,Goldenrod,97,36,60
255,Nicolina,Rospars,Female,RS:466_9896,Crimson,73,36,52
256,Cristabel,Wrankling,Female,RS:422_8850,Goldenrod,73,69,89
257,Osbourn,Hatrey,Male,RS:958_1240,Red,74,58,55
258,Almeda,Tant,Female,RS:038_8946,Yellow,92,98,94
259,Barbey,Lancastle,Female,RS:665_7194,Aquamarine,89,99,64
260,Candide,Jockle,Female,RS:978_1164,Purple,97,99,68
261,Clark,Siggin,Male,RS:430_6884,Green,89,85,95
262,Pietro,Tiery,Male,RS:403_1096,Blue,98,46,83
263,Kimberley,Redolfi,Female,RS:994_7398,Crimson,50,59,55
264,Winne,Taill,Female,RS:799_5617,Teal,84,92,50
265,Delcine,Mahon,Female,RS:464_8655,Maroon,51,66,51
266,Valenka,Found,Female,RS:442_4066,Red,90,86,60
267,Fernande,Muglestone,Female,RS:782_4865,Yellow,58,64,45
268,Sidnee,Quarry,Male,RS:962_5535,Pink,85,56,40
269,Marchall,Dawks,Male,RS:067_2984,Violet,90,53,94
270,Ted,Ronchetti,Male,RS:130_3677,Teal,56,89,40
271,Minerva,Pierton,Female,RS:319_1028,Teal,89,86,37
272,Daryl,McCaughen,Male,RS:471_4477,Yellow,82,42,59
273,Sutherland,Creegan,Male,RS:572_7784,Purple,70,57,87
274,Stevena,Adelman,Female,RS:146_6006,Fuscia,76,74,40
275,Phillida,Lambrechts,Female,RS:597_7083,Khaki,85,100,97
276,Evered,Groves,Male,RS:726_4657,Goldenrod,99,66,95
277,Thaddeus,Ambroziak,Male,RS:939_3019,Khaki,50,41,77
278,Chet,Rudderham,Male,RS:763_7410,Blue,68,51,53
279,Camilla,Sesons,Female,RS:045_1531,Crimson,74,50,78
280,Jordan,Cluelow,Female,RS:065_5481,Violet,89,94,58
281,Caesar,Pomroy,Male,RS:071_9280,Fuscia,64,50,57
282,Falkner,Tomasicchio,Male,RS:157_4960,Violet,63,97,80
283,Zorah,Bingle,Female,RS:835_9349,Indigo,63,77,78
284,Jeremie,Canepe,Male,RS:656_3648,Pink,75,55,54
285,Torr,McMeanma,Male,RS:165_3815,Red,71,64,38
286,Joye,Macauley,Female,RS:540_0695,Blue,98,79,97
287,Sadella,Donaho,Female,RS:192_1025,Khaki,81,66,78
288,Betty,Kingsmill,Female,RS:629_8662,Maroon,65,35,56
289,Nadeen,Diable,Female,RS:811_0902,Red,73,97,88
290,Skye,Bishopp,Male,RS:707_8469,Maroon,59,75,44
291,Chelsy,Dunthorne,Female,RS:331_8836,Turquoise,98,86,85
292,Rodolphe,Rubery,Male,RS:781_1574,Aquamarine,64,73,93
293,Vanessa,Solway,Female,RS:643_6245,Green,62,72,71
294,Zaccaria,Pimerick,Male,RS:512_7098,Fuscia,69,85,71
295,Frazer,Frome,Male,RS:322_9726,Pink,89,68,52
296,Roselin,Klemt,Female,RS:449_3541,Goldenrod,54,41,46
297,Averell,Fernehough,Male,RS:478_6851,Blue,52,47,56
298,Mack,Rider,Male,RS:616_9411,Khaki,80,90,100
299,Marcel,Libby,Male,RS:216_2428,Goldenrod,63,45,99
300,Debi,Griffoen,Female,RS:396_4211,Khaki,62,64,68
301,Teddie,Sarjeant,Male,RS:247_3392,Goldenrod,95,78,53
302,Lorin,Yesson,Male,RS:112_7328,Maroon,85,67,57
303,Alwin,Swains,Male,RS:473_6316,Violet,77,71,91
304,Hashim,Fanthome,Male,RS:435_6871,Red,83,100,95
305,Gabriel,Hasluck,Male,RS:518_3205,Puce,61,48,37
306,Idaline,Gowling,Female,RS:040_7497,Aquamarine,84,91,78
307,Filip,Gerritsma,Male,RS:193_3803,Khaki,54,51,91
308,Alphonso,Nulty,Male,RS:356_3376,Khaki,51,41,58
309,Tadio,Shyres,Male,RS:113_7288,Maroon,85,92,68
310,Granthem,Williamson,Male,RS:776_4033,Red,87,74,55
311,Ingeborg,Beckham,Female,RS:929_9172,Aquamarine,60,57,99
312,Blithe,Badsworth,Female,RS:475_5289,Pink,68,83,78
313,Polly,Exell,Female,RS:770_6860,Yellow,82,46,46
314,Francyne,Sheehan,Female,RS:093_5049,Maroon,66,81,78
315,Jase,Phonix,Male,RS:239_5330,Violet,66,73,55
316,Dorena,Comber,Female,RS:423_1051,Violet,60,70,85
317,Rachel,Rippin,Female,RS:936_6582,Green,81,81,57
318,Avie,Wellard,Female,RS:261_7100,Red,79,85,78
319,Reinhold,Posten,Male,RS:758_6359,Puce,60,85,63
320,Nikolia,Greensite,Female,RS:284_5419,Khaki,64,59,59
321,Laurent,Parrot,Male,RS:631_6555,Violet,84,74,59
322,Karilynn,Densey,Female,RS:568_1697,Aquamarine,59,65,95
323,Erik,Sadlier,Male,RS:167_3965,Purple,69,96,72
324,Meredith,Lakeman,Male,RS:001_8957,Aquamarine,98,36,73
325,Phillip,Shellsheere,Male,RS:034_8399,Khaki,96,98,51
326,Marcelo,Hembling,Male,RS:488_0544,Khaki,55,95,72
327,Quinn,Elford,Male,RS:327_0441,Fuscia,88,83,42
328,Katrina,Fritter,Female,RS:407_8317,Turquoise,100,62,57
329,Braden,Jaquet,Male,RS:932_0744,Mauv,67,78,95
330,Milicent,Crawford,Female,RS:643_5322,Violet,92,89,75
331,Reagen,Lethlay,Male,RS:424_0857,Puce,73,86,83
332,Conny,Arnison,Male,RS:128_1279,Blue,75,66,89
333,Rollin,Yglesias,Male,RS:242_5288,Puce,67,88,99
334,Marje,Birtwell,Female,RS:827_9197,Aquamarine,60,71,97
335,Heddi,Maxted,Female,RS:982_9851,Pink,99,36,65
336,Lizabeth,Cristofano,Female,RS:465_0303,Blue,94,85,79
337,Rozalie,Mitchely,Female,RS:290_7060,Pink,74,93,82
338,Stacie,Barling,Female,RS:063_7885,Crimson,76,51,84
339,Krishnah,Burgiss,Male,RS:938_0253,Blue,62,40,71
340,Nealon,Cutchie,Male,RS:299_1201,Teal,50,38,55
341,Konstance,Gonnelly,Female,RS:277_3762,Yellow,65,99,53
342,Galvin,Ughetti,Male,RS:453_0678,Crimson,95,43,99
343,Zorana,O'Heffernan,Female,RS:627_6745,Mauv,88,88,57
344,Thorstein,Coweuppe,Male,RS:873_0613,Aquamarine,78,66,64
345,Eolanda,Lillecrap,Female,RS:084_9922,Puce,54,95,69
346,Tomaso,Keme,Male,RS:367_9251,Violet,70,79,82
347,Blakelee,Hulbert,Female,RS:111_1578,Red,67,60,60
348,Fenelia,Turland,Female,RS:997_0693,Teal,63,72,99
349,Elijah,Dugmore,Male,RS:646_8315,Aquamarine,74,48,74
350,Nichole,McCrohon,Female,RS:595_3285,Green,90,62,56
351,Julieta,Guiso,Female,RS:228_3902,Yellow,70,68,55
352,Analise,Cowburn,Female,RS:631_1066,Blue,95,35,35
353,Rosanne,Pontain,Female,RS:636_8855,Pink,84,71,43
354,Blake,Schwandermann,Male,RS:922_4045,Yellow,73,68,58
355,Alicia,Sparsholt,Female,RS:802_3769,Blue,60,93,88
356,Rolph,Keatley,Male,RS:473_8238,Green,95,86,94
357,Wyatt,Stitson,Male,RS:305_8462,Purple,53,97,86
358,Roland,Brimham,Male,RS:238_8933,Purple,93,80,57
359,Neille,Domenc,Female,RS:685_6195,Turquoise,60,93,70
360,Alisander,Watt,Male,RS:966_4306,Green,75,40,75
361,Humfrid,Janowski,Male,RS:921_7062,Red,73,51,70
362,Christophe,Moodycliffe,Male,RS:297_9725,Green,76,78,87
363,Jermayne,Fransemai,Male,RS:199_8149,Blue,52,49,84
364,Loni,Kachel,Female,RS:288_2406,Aquamarine,61,59,84
365,Hogan,Passfield,Male,RS:663_1282,Violet,94,39,100
366,Sheffield,Fetteplace,Male,RS:097_7224,Puce,79,73,93
367,Poul,Byles,Male,RS:317_5125,Red,96,36,65
368,Celinda,Jeannel,Female,RS:502_0392,Maroon,98,35,74
369,Andy,Errichi,Female,RS:274_9350,Teal,100,96,73
370,Kristal,Graber,Female,RS:529_5325,Yellow,96,75,62
371,Ferdy,Densham,Male,RS:367_2788,Green,55,69,97
372,Michale,Wilbor,Male,RS:504_7710,Green,75,42,53
373,Geoff,Duncan,Male,RS:342_7044,Puce,66,65,87
374,Kerianne,Iacivelli,Female,RS:360_6549,Orange,73,68,85
375,Hyacinth,Grioli,Female,RS:843_5838,Goldenrod,57,83,38
376,Alano,Paolinelli,Male,RS:101_6936,Red,55,87,93
377,Ian,MacCoughen,Male,RS:867_9804,Yellow,68,39,56
378,Scottie,Rolfini,Male,RS:994_6431,Turquoise,84,43,63
379,Gwendolen,Teale,Female,RS:460_5369,Green,52,73,47
380,Benita,Massard,Female,RS:330_3334,Maroon,62,57,90
381,Axel,Obbard,Male,RS:629_7308,Pink,93,66,62
382,Algernon,Shiers,Male,RS:931_0704,Purple,68,56,66
383,Rozele,Sharper,Female,RS:799_6356,Khaki,91,60,81
384,Eulalie,Cradoc,Female,RS:949_2726,Purple,90,87,38
385,Gordon,Rizon,Male,RS:105_8635,Turquoise,77,48,88
386,Janine,Layhe,Female,RS:694_3672,Aquamarine,75,87,50
387,Austen,Scorton,Male,RS:975_8910,Crimson,83,89,82
388,Denys,Hedge,Male,RS:714_8141,Puce,73,80,80
389,Rex,Wyllcocks,Male,RS:296_0950,Yellow,82,36,54
390,Frederik,Cubbino,Male,RS:369_8135,Teal,82,60,89
391,Felicity,Mayfield,Female,RS:905_5033,Green,58,83,86
392,Elvis,Sonley,Male,RS:236_3343,Violet,90,99,80
393,Ferdinand,Roll,Male,RS:864_3741,Goldenrod,97,44,77
394,Alleyn,Trahar,Male,RS:694_6287,Purple,51,95,93
395,Thorpe,Eddolls,Male,RS:487_0296,Yellow,50,59,58
396,Web,Corday,Male,RS:754_1366,Violet,95,87,62
397,Giraldo,Stoven,Male,RS:089_8527,Fuscia,53,99,91
398,Dal,Biggar,Male,RS:719_3238,Puce,84,95,58
399,Darin,O'Corrin,Male,RS:577_7525,Fuscia,59,40,83
400,Muffin,Silber,Male,RS:644_2311,Yellow,60,92,54
401,Hartwell,De Launde,Male,RS:967_7652,Puce,73,81,51
402,Cly,Straker,Male,RS:943_6810,Aquamarine,82,80,97
403,Zacharie,McLanaghan,Male,RS:336_9339,Khaki,73,90,76
404,Rayshell,Luppitt,Female,RS:937_3631,Mauv,74,79,61
405,Erroll,Dunstan,Male,RS:916_7732,Teal,80,88,63
406,Lisle,Crumby,Male,RS:893_5737,Turquoise,52,45,82
407,Roxane,MacClancey,Female,RS:056_9370,Orange,97,84,95
408,Chase,Kneaphsey,Male,RS:263_1009,Red,99,87,92
409,Jeno,Worthing,Male,RS:036_3949,Teal,72,46,80
410,Tish,Gaiford,Female,RS:646_3160,Orange,73,73,75
411,Saunders,Fritschmann,Male,RS:098_2199,Maroon,65,48,87
412,Myron,Cunradi,Male,RS:889_7397,Khaki,71,65,74
413,Bert,Bigglestone,Female,RS:555_9340,Khaki,65,39,62
414,Don,Krochmann,Male,RS:572_2182,Yellow,94,78,96
415,Henderson,Ritchman,Male,RS:102_5476,Orange,91,93,66
416,Lauralee,Braunroth,Female,RS:940_0361,Mauv,95,61,55
417,Ignatius,Antuoni,Male,RS:042_9160,Orange,88,88,77
418,Tyler,O'Scully,Male,RS:063_8468,Violet,97,99,83
419,Alleen,Damiata,Female,RS:923_0153,Pink,65,37,63
420,Eveline,Huckerbe,Female,RS:046_1652,Orange,59,72,55
421,Griselda,Succamore,Female,RS:943_0915,Violet,53,43,35
422,Marietta,Senn,Female,RS:738_1344,Orange,99,99,99
423,Jacinthe,Lowin,Female,RS:567_9960,Green,53,86,62
424,Malinda,Rubinsaft,Female,RS:254_1455,Pink,61,69,38
425,Ranee,Horry,Female,RS:753_4514,Teal,73,55,51
426,Eleanora,Bascombe,Female,RS:926_7643,Maroon,90,85,42
427,Marleah,Slocum,Female,RS:735_3117,Blue,85,75,56
428,Ofelia,Pachta,Female,RS:918_0573,Red,75,41,55
429,Cherianne,Dolle,Female,RS:094_2496,Red,100,61,75
430,Jo,Gledhill,Female,RS:609_7831,Violet,53,60,38
431,Devlin,McIlveen,Male,RS:529_5757,Purple,84,73,69
432,Derby,Van der Hoven,Male,RS:061_9306,Green,98,43,44
433,Dur,Killen,Male,RS:690_1102,Maroon,54,49,70
434,Gerhard,Cropp,Male,RS:431_1755,Turquoise,86,93,80
435,Denni,Le Noir,Female,RS:022_2927,Fuscia,81,95,93
436,Ardys,Sandilands,Female,RS:964_5608,Puce,72,72,39
437,Marcelia,Celand,Female,RS:213_8061,Pink,97,76,87
438,Blair,Strangward,Male,RS:630_1801,Red,70,42,71
439,Ashlee,Kuhndel,Female,RS:597_0387,Pink,77,89,44
440,Ivy,Baraja,Female,RS:097_4190,Yellow,56,74,64
441,Dame,Abramow,Male,RS:863_0402,Goldenrod,79,94,93
442,Valaria,Clitheroe,Female,RS:885_0511,Violet,87,45,69
443,Konrad,Clifft,Male,RS:639_5681,Crimson,94,73,95
444,Tracee,Van der Krui,Female,RS:779_6008,Aquamarine,62,58,76
445,Livvy,Belfit,Female,RS:846_5203,Fuscia,53,56,69
446,Kenton,Roney,Male,RS:143_6548,Puce,64,64,98
447,Cornie,Mousdall,Male,RS:076_5758,Red,98,38,66
448,Brice,Kirk,Male,RS:314_6895,Turquoise,57,41,86
449,Bellina,Dellenbrook,Female,RS:555_1943,Red,56,88,75
450,Trish,Comettoi,Female,RS:838_0131,Orange,80,62,74
451,Karin,Bools,Female,RS:299_1263,Maroon,59,85,70
452,Livvy,Ticehurst,Female,RS:001_8641,Crimson,50,44,57
453,Robbert,Gerrill,Male,RS:289_0167,Teal,80,52,97
454,Rahal,Delacour,Female,RS:980_7506,Goldenrod,93,98,85
455,Harriet,Belli,Female,RS:302_6252,Teal,58,42,68
456,Loleta,Hebble,Female,RS:561_3401,Blue,73,93,90
457,Iago,Stooke,Male,RS:977_6905,Crimson,91,46,42
458,Darrelle,Manby,Female,RS:366_8078,Purple,91,47,50
459,Cris,Bellwood,Male,RS:496_4616,Mauv,94,93,71
460,Cornie,Burrus,Male,RS:807_2081,Teal,96,84,53
461,Enos,Gallienne,Male,RS:627_1576,Teal,88,35,76
462,Celine,Habble,Female,RS:823_4876,Pink,50,75,82
463,Cob,Feeley,Male,RS:438_4262,Teal,81,80,47
464,Christophorus,Titchard,Male,RS:818_5897,Turquoise,91,67,49
465,Marj,Hucquart,Female,RS:288_5694,Yellow,59,81,77
466,Lin,Fisher,Male,RS:221_8363,Orange,76,94,62
467,Lorens,Robertucci,Male,RS:149_6372,Khaki,52,62,98
468,Berty,Critchard,Male,RS:224_4320,Goldenrod,51,55,76
469,Vassily,Kyndred,Male,RS:300_0928,Fuscia,94,70,37
470,Cherie,Leftridge,Female,RS:060_9160,Blue,79,92,60
471,Lucio,Thomazin,Male,RS:858_1788,Fuscia,76,87,68
472,Winifield,Dellatorre,Male,RS:431_4673,Puce,52,99,41
473,Kermit,Cornilleau,Male,RS:895_8996,Goldenrod,56,37,69
474,Shermy,Slater,Male,RS:391_6385,Green,68,65,67
475,Joeann,Orgen,Female,RS:631_2868,Maroon,73,47,40
476,Glynda,Keerl,Female,RS:479_1268,Yellow,71,85,76
477,Hildagard,Caldecourt,Female,RS:844_3018,Maroon,66,96,71
478,Marie,O'Mailey,Female,RS:628_8299,Blue,60,66,68
479,Lorene,Timmes,Female,RS:479_5064,Turquoise,81,93,64
480,Miner,Cowoppe,Male,RS:273_7422,Blue,56,48,82
481,Graham,Bussons,Male,RS:576_4773,Puce,95,66,61
482,Thacher,Cotgrave,Male,RS:242_5670,Maroon,89,89,96
483,Alfy,Hendron,Male,RS:171_4357,Purple,53,38,65
484,Elsie,Stocker,Female,RS:876_0671,Blue,97,87,60
485,Delilah,O'Calleran,Female,RS:323_1534,Khaki,76,53,68
486,Nydia,Maclaine,Female,RS:839_7885,Puce,90,92,96
487,Templeton,Clinkard,Male,RS:045_3310,Teal,67,96,99
488,Urbanus,Tiplady,Male,RS:441_7572,Aquamarine,66,37,54
489,Starr,Lorden,Female,RS:565_6203,Crimson,90,85,41
490,Karlotte,MacFadin,Female,RS:745_8676,Pink,77,94,74
491,Alfredo,Antowski,Male,RS:464_7795,Aquamarine,83,59,70
492,Herschel,Gyves,Male,RS:573_5544,Khaki,73,58,56
493,Scotti,Bollis,Male,RS:815_7336,Mauv,55,59,73
494,Casey,McKern,Female,RS:231_1254,Crimson,96,62,65
495,Tracy,Petchey,Female,RS:808_4023,Yellow,62,37,74
496,Carlen,Burnel,Female,RS:832_1628,Goldenrod,64,48,67
497,Mignonne,Greengrass,Female,RS:697_8084,Blue,85,89,76
498,Dael,Mattiuzzi,Male,RS:949_1529,Crimson,59,42,69
499,Modestine,Arkell,Female,RS:726_6696,Green,85,77,58
500,Elnar,Gelder,Male,RS:756_3537,Crimson,65,42,79
501,Garner,Elderidge,Male,RS:420_9962,Teal,98,98,85
502,Augustina,Whitcomb,Female,RS:382_0656,Turquoise,90,70,54
503,Aaron,Local,Male,RS:667_8622,Khaki,75,62,68
504,Abigale,Grivori,Female,RS:510_2358,Blue,51,62,87
505,Jody,Treece,Male,RS:819_0429,Khaki,79,68,87
506,Burch,Ballay,Male,RS:494_3222,Indigo,50,88,53
507,Tiphanie,Shorie,Female,RS:934_7211,Puce,75,54,70
508,Nicholas,Stinson,Male,RS:544_9873,Maroon,58,77,55
509,Jerrylee,Flucker,Female,RS:258_5120,Maroon,91,68,54
510,Trevar,Jahnke,Male,RS:001_2046,Purple,66,82,44
511,Amil,Ziemens,Female,RS:019_4041,Khaki,51,97,68
512,Chandra,Reith,Female,RS:663_6159,Green,88,35,48
513,Pamela,Cobby,Female,RS:987_3725,Puce,93,91,85
514,Fransisco,Alaway,Male,RS:036_2300,Yellow,89,40,46
515,Angie,Grasha,Female,RS:000_1766,Orange,66,86,82
516,Bette-ann,Dunsmuir,Female,RS:225_8586,Indigo,65,68,50
517,Riordan,Ferrolli,Male,RS:346_2963,Purple,56,65,65
518,Goldia,Van der Velde,Female,RS:455_5425,Indigo,97,94,35
519,Udale,Kos,Male,RS:016_7089,Indigo,79,38,65
520,Nert,Frost,Female,RS:371_5212,Maroon,60,87,94
521,Mattheus,Slark,Male,RS:165_1784,Green,59,38,83
522,Griffin,Wadworth,Male,RS:294_0512,Orange,92,49,65
523,Ruperto,Raitt,Male,RS:445_6226,Aquamarine,51,91,93
524,Reginauld,Rioch,Male,RS:222_2241,Violet,99,75,99
525,Jana,Shea,Female,RS:953_2954,Blue,54,75,82
526,Marie-ann,Druhan,Female,RS:295_8992,Puce,86,89,69
527,Noellyn,Bibby,Female,RS:605_4208,Fuscia,60,49,98
528,Marian,Bohey,Female,RS:480_3865,Violet,55,88,36
529,Rafi,Helleker,Male,RS:301_0775,Violet,97,65,85
530,Wini,Twell,Female,RS:828_0466,Turquoise,83,57,91
531,Janet,Fletcher,Female,RS:357_3368,Orange,98,72,83
532,Angelica,Cuncliffe,Female,RS:959_3532,Green,65,54,64
533,Kellina,Weatherall,Female,RS:236_1775,Green,99,67,48
534,Gabi,Poller,Male,RS:313_8472,Yellow,75,86,47
535,Bobinette,McKeefry,Female,RS:415_2312,Orange,64,78,90
536,Tamarra,Cabble,Female,RS:945_5104,Puce,61,87,68
537,Fletch,Whife,Male,RS:697_0816,Crimson,60,42,60
538,Carmella,Scaice,Female,RS:984_6001,Teal,89,59,62
539,Delano,Grannell,Male,RS:331_6571,Mauv,62,50,36
540,Katerine,Gozney,Female,RS:756_1755,Indigo,92,44,54
541,Hobard,Ewan,Male,RS:435_7251,Fuscia,52,47,35
542,Chickie,Alpes,Female,RS:880_8102,Teal,71,65,100
543,Marylee,Ashley,Female,RS:479_7176,Fuscia,86,86,78
544,Reiko,Waggitt,Female,RS:960_1298,Yellow,62,100,61
545,Anabal,Nial,Female,RS:664_0522,Purple,72,58,80
546,Ansley,Beaglehole,Female,RS:546_8620,Fuscia,51,90,71
547,Moss,Fosdick,Male,RS:646_7765,Indigo,59,100,86
548,Morissa,Nelthorpe,Female,RS:148_4078,Crimson,70,100,40
549,Buiron,Grayer,Male,RS:350_7444,Mauv,97,50,66
550,Germaine,Kemm,Male,RS:522_2422,Fuscia,80,49,66
551,Eudora,Fiorentino,Female,RS:804_9667,Green,72,46,82
552,Lettie,Bandt,Female,RS:780_5759,Teal,93,69,75
553,Kinna,Gotcliffe,Female,RS:531_8804,Puce,50,60,71
554,Jimmy,Paddon,Male,RS:650_7277,Turquoise,94,83,47
555,Leupold,Gregorowicz,Male,RS:756_3899,Maroon,99,36,61
556,Antin,Capper,Male,RS:440_2788,Goldenrod,50,89,100
557,Adi,East,Female,RS:553_1724,Aquamarine,62,58,42
558,Alfie,Howard - Gater,Male,RS:676_1407,Crimson,92,44,68
559,Alix,Pounds,Female,RS:788_8909,Orange,86,38,66
560,Sella,Blunderfield,Female,RS:213_9474,Pink,50,84,95
561,Abbi,Siss,Female,RS:999_5452,Purple,82,55,93
562,Estele,Boig,Female,RS:674_8493,Orange,68,36,40
563,Hebert,Helversen,Male,RS:971_7785,Khaki,84,98,65
564,Terese,Gladden,Female,RS:782_8688,Indigo,54,88,39
565,Karine,Girodon,Female,RS:384_4899,Mauv,56,98,96
566,Archer,Fosher,Male,RS:923_8771,Green,58,71,68
567,Kermie,Blaze,Male,RS:907_4923,Violet,72,51,37
568,Tyler,Colaton,Male,RS:753_4289,Indigo,55,69,37
569,Cori,Friedlos,Female,RS:104_8904,Pink,97,98,42
570,Mellicent,Boays,Female,RS:930_9936,Indigo,81,78,88
571,Margalo,Clulee,Female,RS:338_4931,Maroon,77,49,51
572,Lane,Bartomeu,Female,RS:744_5698,Orange,55,72,77
573,Carley,Phillpot,Female,RS:777_1911,Turquoise,98,74,38
574,Oby,Neame,Male,RS:310_2793,Purple,89,58,47
575,Iormina,Benny,Female,RS:718_7494,Mauv,57,62,81
576,Creight,Kettlesing,Male,RS:361_8955,Goldenrod,96,86,72
577,Tori,Ulyatt,Female,RS:308_8367,Pink,55,48,37
578,Raimondo,Orring,Male,RS:812_0447,Fuscia,63,65,87
579,Arnuad,Clapson,Male,RS:689_6229,Aquamarine,67,65,87
580,Felicle,Curee,Female,RS:816_8214,Maroon,68,82,82
581,Lynett,Thynne,Female,RS:915_0123,Mauv,60,90,79
582,Arron,Cockaday,Male,RS:738_4784,Indigo,77,80,36
583,Felike,Bloor,Male,RS:183_6264,Pink,83,37,45
584,Leah,Pittman,Female,RS:984_9312,Maroon,99,99,80
585,Conny,Radden,Female,RS:301_4631,Turquoise,97,74,56
586,Mersey,Olensby,Female,RS:225_4591,Puce,84,60,97
587,Merralee,Flewitt,Female,RS:475_2393,Turquoise,82,86,38
588,Puff,Ganforthe,Male,RS:322_8170,Mauv,62,96,78
589,Wynne,Tanzer,Female,RS:050_2079,Red,71,58,83
590,Happy,Geistbeck,Female,RS:340_4236,Maroon,99,92,95
591,Nicoli,Sutworth,Female,RS:786_7528,Green,90,44,39
592,Jarrad,Shoorbrooke,Male,RS:706_9256,Yellow,77,54,59
593,Selie,Winterborne,Female,RS:226_3160,Maroon,56,77,66
594,Dee,Davidy,Female,RS:213_3471,Fuscia,53,64,64
595,Kitty,Joynson,Female,RS:905_0600,Puce,98,43,45
596,Tiffie,Kann,Female,RS:032_3902,Indigo,100,73,50
597,Husein,Fockes,Male,RS:175_5880,Green,89,50,76
598,Amity,Garman,Female,RS:953_0362,Purple,59,48,100
599,Ade,Bandy,Male,RS:864_3245,Khaki,93,51,44
600,Holt,Clohissy,Male,RS:635_2490,Purple,65,86,77
601,Florie,Freeburn,Female,RS:744_7102,Crimson,71,36,44
602,Nadine,Sallan,Female,RS:202_0060,Green,58,78,100
603,Elicia,Gordge,Female,RS:866_2027,Yellow,99,39,58
604,Far,Jendrys,Male,RS:101_5992,Purple,57,67,62
605,Tandie,Whitbread,Female,RS:025_2118,Crimson,96,99,38
606,Rochette,Deignan,Female,RS:794_0093,Orange,90,43,79
607,Lilith,Guidera,Female,RS:404_0022,Maroon,98,90,41
608,Say,Southwood,Male,RS:102_3731,Violet,80,83,59
609,Wilmar,Madine,Male,RS:243_2935,Fuscia,76,42,56
610,Noble,Hunnybun,Male,RS:572_9585,Orange,56,61,90
611,Carmela,Shorie,Female,RS:675_5258,Red,83,47,60
612,Sherrie,Eteen,Female,RS:207_2978,Red,78,47,88
613,Leese,Scotchmor,Female,RS:238_2580,Red,83,49,88
614,Wilone,Staden,Female,RS:987_5144,Fuscia,66,41,77
615,Thibaud,Haygreen,Male,RS:929_4668,Mauv,88,100,87
616,Herschel,Ingleby,Male,RS:773_5462,Maroon,85,60,48
617,Juditha,Boothroyd,Female,RS:482_1076,Blue,64,42,78
618,Avigdor,Weepers,Male,RS:013_6324,Pink,65,48,81
619,Ali,Kisbee,Male,RS:886_1588,Orange,64,96,45
620,Say,Flaunier,Male,RS:001_2871,Green,54,90,75
621,Chicky,Thorsby,Male,RS:212_4799,Teal,58,78,64
622,Anna-diane,Hoggins,Female,RS:971_5668,Aquamarine,99,52,70
623,Langsdon,Cowpland,Male,RS:103_7882,Indigo,52,47,54
624,Shamus,Wyd,Male,RS:047_9181,Violet,81,98,67
625,Udall,Bader,Male,RS:819_3704,Turquoise,63,71,59
626,Adelaida,Chilver,Female,RS:073_3574,Maroon,50,36,100
627,Aron,McCafferky,Male,RS:930_5355,Puce,83,64,60
628,Esta,Colum,Female,RS:558_2577,Orange,75,71,47
629,Lucina,Valerius,Female,RS:683_1550,Indigo,58,74,71
630,Fredelia,Derdes,Female,RS:253_4285,Red,63,80,66
631,Moshe,Ollander,Male,RS:702_6306,Yellow,75,78,83
632,Briny,Oxtaby,Female,RS:820_0416,Khaki,72,86,52
633,Dot,Phelp,Female,RS:441_1503,Yellow,71,86,54
634,Brigid,Domokos,Female,RS:066_6819,Maroon,87,74,73
635,Billi,Stiant,Female,RS:910_7976,Violet,55,61,62
636,Elonore,Cuniffe,Female,RS:636_6535,Maroon,79,86,51
637,Rozanne,Elgey,Female,RS:750_5623,Aquamarine,68,36,92
638,Dory,Slyme,Male,RS:316_3305,Khaki,96,59,71
639,Deni,Rubartelli,Female,RS:372_7471,Goldenrod,54,90,100
640,Lalo,MacDearmaid,Male,RS:621_0808,Orange,97,57,82
641,Letizia,Eckhard,Female,RS:759_7702,Indigo,60,46,45
642,Rhoda,Limbert,Female,RS:150_3974,Turquoise,66,83,86
643,Vite,McCay,Male,RS:813_5665,Blue,85,86,38
644,Celeste,O'Shee,Female,RS:432_3144,Maroon,56,49,87
645,Eleonore,Scotter,Female,RS:606_5245,Red,92,45,76
646,Micheil,Aristide,Male,RS:005_8718,Orange,79,62,35
647,Dag,Havercroft,Male,RS:386_1957,Crimson,66,39,43
648,Jill,Sambedge,Female,RS:428_0514,Crimson,81,91,46
649,Brewer,Manoelli,Male,RS:238_8125,Turquoise,63,50,75
650,Garrick,Priditt,Male,RS:926_1350,Maroon,73,63,60
651,Bertie,Dorracott,Male,RS:220_9667,Orange,69,88,98
652,Babita,Tures,Female,RS:358_9496,Orange,75,78,77
653,Oates,Darkins,Male,RS:570_9140,Yellow,99,98,46
654,Demetrius,Fossey,Male,RS:134_6274,Indigo,99,72,66
655,Kesley,Withull,Female,RS:889_2603,Indigo,73,37,36
656,Maurice,Landeaux,Male,RS:532_8822,Pink,54,42,62
657,Henry,Hobble,Male,RS:121_0073,Red,77,53,74
658,Ninon,Kassidy,Female,RS:106_5405,Puce,85,74,96
659,Dorotea,Claughton,Female,RS:109_9738,Teal,91,85,39
660,Ash,Alberts,Male,RS:383_5370,Turquoise,81,96,36
661,Ham,Keat,Male,RS:590_8267,Puce,66,42,49
662,Tailor,Willicott,Male,RS:201_6853,Fuscia,96,51,100
663,Kenna,Rookwell,Female,RS:773_3753,Mauv,75,35,48
664,Saul,Edgin,Male,RS:491_9377,Orange,82,59,71
665,Rik,Yve,Male,RS:710_3488,Turquoise,75,68,72
666,Barret,Arlt,Male,RS:748_0511,Khaki,78,57,45
667,Caril,Danielli,Female,RS:571_3368,Mauv,71,89,42
668,Clementine,Repper,Female,RS:412_7626,Red,83,94,39
669,Wendi,Gillooly,Female,RS:264_9178,Fuscia,96,49,68
670,Pepe,Potebury,Male,RS:322_6579,Purple,55,47,65
671,Kale,Baert,Male,RS:334_2471,Puce,90,83,85
672,Christoffer,Thumann,Male,RS:754_8733,Purple,77,96,92
673,Elset,Veryard,Female,RS:760_2611,Purple,55,65,37
674,Siana,Deller,Female,RS:917_1404,Khaki,74,73,86
675,Chanda,Robertelli,Female,RS:237_5593,Yellow,51,44,54
676,Nicolina,Welbelove,Female,RS:026_6101,Aquamarine,94,94,88
677,Marijn,Beddin,Male,RS:716_7778,Aquamarine,78,85,75
678,Ines,Sinden,Female,RS:085_8557,Goldenrod,95,82,65
679,Collette,Antonovic,Female,RS:242_4756,Red,66,98,69
680,Henrietta,Tuttle,Female,RS:467_1163,Teal,70,49,67
681,Alika,Gambrell,Female,RS:891_4051,Aquamarine,64,59,69
682,Jaclyn,Malenfant,Female,RS:535_2606,Khaki,61,89,89
683,Gayla,Craythorne,Female,RS:281_0102,Indigo,75,80,70
684,Christina,Shilling,Female,RS:680_9843,Crimson,59,35,57
685,Aaron,Izakov,Male,RS:211_6325,Teal,61,84,95
686,Ailis,Brierley,Female,RS:997_0348,Red,95,94,37
687,Annabell,Edgeson,Female,RS:856_6935,Teal,75,39,47
688,Suzie,Bancroft,Female,RS:928_0794,Green,64,96,94
689,Carmine,Bielby,Female,RS:490_8265,Red,100,58,85
690,Gillie,Lilywhite,Female,RS:667_6927,Violet,64,96,38
691,Ilka,Wraith,Female,RS:285_0438,Orange,60,40,58
692,Krissy,Guion,Female,RS:879_6297,Indigo,73,92,77
693,Deck,Hutchin,Male,RS:604_1584,Fuscia,93,88,37
694,Gert,O'Tierney,Female,RS:598_3301,Blue,53,54,98
695,Frans,Laverick,Male,RS:387_2517,Puce,66,69,48
696,Lilly,Wooton,Female,RS:424_8819,Mauv,78,78,79
697,Caitlin,Paine,Female,RS:276_5774,Maroon,81,71,99
698,Ginny,Basson,Female,RS:814_8295,Maroon,75,43,61
699,Arny,Rattry,Male,RS:016_6456,Red,75,73,44
700,Jose,Elsop,Male,RS:891_2465,Turquoise,64,79,68
701,Bryn,Mecozzi,Male,RS:326_4130,Red,69,92,45
702,Astra,Raffles,Female,RS:755_2285,Violet,77,44,88
703,Ellerey,Milstead,Male,RS:854_3516,Orange,73,49,80
704,Liv,Colaco,Female,RS:601_7042,Crimson,88,93,80
705,Ivan,Taffrey,Male,RS:625_5958,Orange,83,100,71
706,Cristine,Ashbe,Female,RS:947_2739,Red,92,44,53
707,Viki,Layman,Female,RS:894_1410,Maroon,57,48,90
708,Merrile,Petrushanko,Female,RS:962_3681,Crimson,75,40,90
709,Caria,Petti,Female,RS:054_5129,Puce,69,56,46
710,Montague,Magne,Male,RS:040_8355,Indigo,80,94,51
711,Inness,Stenners,Male,RS:028_9124,Mauv,52,38,64
712,Sadie,Tern,Female,RS:510_5658,Yellow,67,40,59
713,Hunter,Vizard,Male,RS:300_1778,Crimson,64,93,99
714,Janine,Bartosinski,Female,RS:549_9075,Red,93,39,40
715,Ailey,Alenichev,Female,RS:467_3152,Khaki,99,52,94
716,Theobald,Highway,Male,RS:091_7872,Green,58,91,59
717,Domenic,Demetr,Male,RS:041_1239,Purple,50,78,69
718,Staford,Gownge,Male,RS:220_3109,Turquoise,100,91,63
719,Waverley,Forshaw,Male,RS:140_4653,Purple,75,80,80
720,Bartolomeo,Crutchley,Male,RS:868_0895,Blue,69,78,74
721,Afton,Freebury,Female,RS:349_9186,Turquoise,63,98,53
722,Caldwell,McCarroll,Male,RS:128_3844,Yellow,50,80,78
723,Alexina,Brazel,Female,RS:706_4596,Crimson,66,74,71
724,Jewel,Yter,Female,RS:523_5524,Puce,100,60,37
725,Terza,Hollyman,Female,RS:696_0948,Green,99,67,72
726,Con,McDermot,Female,RS:647_5656,Purple,85,59,68
727,Daphne,Morgen,Female,RS:112_0906,Red,72,71,62
728,Diannne,Castagna,Female,RS:211_8780,Khaki,62,47,38
729,Chad,Duffill,Female,RS:811_8628,Green,92,96,35
730,Jerome,Terrazzo,Male,RS:176_6913,Pink,64,42,71
731,Falito,Gauche,Male,RS:191_9569,Red,71,61,94
732,Janek,Boreham,Male,RS:807_8135,Red,99,52,75
733,Tris,Bulstrode,Male,RS:804_2598,Green,82,63,96
734,Bridie,Shewsmith,Female,RS:204_2678,Khaki,59,58,81
735,Reinaldo,Dowrey,Male,RS:276_0358,Fuscia,55,95,64
736,Joan,Castlake,Female,RS:485_3980,Fuscia,55,41,53
737,Madelyn,Novotne,Female,RS:822_0635,Indigo,82,50,98
738,Gawen,Brattan,Male,RS:616_6214,Aquamarine,96,84,85
739,Babbette,Gorring,Female,RS:450_4683,Aquamarine,66,42,63
740,Axe,Grinikhin,Male,RS:098_8832,Mauv,58,64,93
741,Sidonnie,Sharram,Female,RS:741_3607,Violet,57,73,90
742,Frannie,Valenta,Male,RS:397_7787,Turquoise,60,100,42
743,Abbe,Peplay,Male,RS:399_0605,Maroon,67,76,67
744,Morgen,Leith-Harvey,Female,RS:285_3318,Goldenrod,71,83,69
745,Rosalia,Suett,Female,RS:639_5802,Indigo,67,61,41
746,Ryon,Linacre,Male,RS:378_4956,Aquamarine,82,51,62
747,Saunders,Greenough,Male,RS:475_9207,Pink,94,35,74
748,Hillel,Gatesman,Male,RS:614_1536,Khaki,96,99,95
749,Wheeler,Levett,Male,RS:728_8199,Blue,50,38,37
750,Eldon,Pyburn,Male,RS:671_7784,Blue,96,57,82
751,Colin,Barnham,Male,RS:706_4690,Goldenrod,51,84,69
752,Liv,MacCartan,Female,RS:161_1488,Crimson,79,65,66
753,Chariot,Clewett,Male,RS:244_0604,Puce,80,95,48
754,Devi,Hadcock,Female,RS:115_7277,Fuscia,95,68,43
755,Rodie,Joyce,Female,RS:174_6721,Aquamarine,57,60,58
756,Gladys,Horney,Female,RS:883_6010,Fuscia,96,80,38
757,Sarene,Juara,Female,RS:000_6389,Teal,82,92,37
758,Wilfrid,Winspurr,Male,RS:993_3000,Purple,72,63,69
759,Jerome,Bettanay,Male,RS:011_2122,Orange,63,100,44
760,Rosamund,Strathe,Female,RS:029_3330,Teal,95,82,71
761,Clarey,Yusupov,Female,RS:934_8282,Khaki,82,89,71
762,Brose,Ondracek,Male,RS:061_5603,Pink,92,71,70
763,Faydra,Persich,Female,RS:873_4552,Teal,76,62,56
764,Neils,Margrett,Male,RS:376_1860,Maroon,76,37,84
765,Imogen,Casebourne,Female,RS:474_2417,Blue,89,98,96
766,Christean,Matijevic,Female,RS:775_4132,Violet,86,98,76
767,Kayla,Howie,Female,RS:629_0726,Aquamarine,65,85,35
768,Blake,Horsell,Male,RS:158_1450,Green,85,46,97
769,Tyler,Della,Male,RS:009_7388,Blue,76,39,82
770,Lianne,Andreaccio,Female,RS:548_4151,Turquoise,92,77,99
771,Jabez,Gentil,Male,RS:535_6446,Goldenrod,96,86,48
772,Sim,Willishire,Male,RS:318_7192,Khaki,93,77,47
773,Sorcha,Dimitriades,Female,RS:863_5846,Teal,73,97,62
774,Vincents,Cicchillo,Male,RS:525_4385,Teal,53,97,49
775,Ruthy,Kingstne,Female,RS:049_6574,Pink,89,61,60
776,Dale,Halgarth,Female,RS:367_1449,Khaki,88,59,84
777,Thorstein,Manach,Male,RS:112_1436,Khaki,60,84,41
778,Frieda,Barkes,Female,RS:587_3893,Mauv,74,98,46
779,Vincents,Aaronsohn,Male,RS:207_0820,Green,81,61,45
780,Jorge,Cainey,Male,RS:737_8827,Blue,64,59,46
781,Natassia,Mulberry,Female,RS:165_5338,Aquamarine,98,69,93
782,Viki,Tallis,Female,RS:310_7250,Green,100,95,88
783,Tremayne,Sherbourne,Male,RS:607_5885,Green,54,50,83
784,Alberik,Deniseau,Male,RS:167_1103,Red,60,79,73
785,Lonny,Wadmore,Male,RS:486_4671,Mauv,58,82,38
786,Jane,Mayes,Female,RS:803_5215,Fuscia,71,39,57
787,Doralin,Kuhl,Female,RS:324_7654,Purple,83,42,91
788,Tom,Bliven,Male,RS:438_2755,Red,99,41,39
789,Raff,Connors,Male,RS:660_2581,Turquoise,72,40,79
790,Marvin,Hardson,Male,RS:938_2345,Indigo,57,98,94
791,Joshuah,Fairbrace,Male,RS:527_6631,Red,69,61,72
792,Alla,Oxlade,Female,RS:952_7285,Goldenrod,88,75,99
793,Tatum,Dearness,Female,RS:033_1681,Yellow,78,50,55
794,Dall,LLelweln,Male,RS:540_3899,Pink,93,73,93
795,Susana,Bruneton,Female,RS:440_3105,Puce,90,43,43
796,Janessa,Kleiner,Female,RS:630_2325,Aquamarine,67,100,41
797,Kenyon,Avramow,Male,RS:768_7693,Maroon,80,82,72
798,Berry,Tacey,Female,RS:564_2878,Yellow,81,68,59
799,Page,Schaffel,Female,RS:742_7664,Khaki,71,71,90
800,Kellia,Folomkin,Female,RS:321_2879,Orange,77,49,40
801,Zebedee,Frounks,Male,RS:815_3917,Aquamarine,63,88,44
802,Alastair,Michiel,Male,RS:385_5592,Yellow,60,73,67
803,Krystyna,Wein,Female,RS:874_2021,Goldenrod,94,68,90
804,Nikolaus,Sessuns,Male,RS:585_4515,Crimson,60,67,55
805,Zebadiah,Gowling,Male,RS:417_3677,Green,54,64,67
806,Wylma,McKmurrie,Female,RS:166_2965,Maroon,57,50,91
807,Joell,Bracken,Female,RS:462_4006,Maroon,77,44,57
808,Laure,Llewellen,Female,RS:734_8252,Violet,91,38,86
809,Pamela,Ernke,Female,RS:812_3108,Turquoise,55,67,67
810,Allen,Mebs,Male,RS:224_7201,Indigo,99,70,77
811,Mason,Nunn,Male,RS:550_3717,Purple,97,64,50
812,Robert,Wife,Male,RS:615_9627,Teal,60,93,84
813,Aleta,Janes,Female,RS:183_1979,Aquamarine,91,82,95
814,Randy,Hearson,Female,RS:841_2501,Orange,54,47,54
815,Amabelle,Lamb-shine,Female,RS:296_8506,Puce,62,51,91
816,Cristian,Mulheron,Male,RS:452_0728,Purple,86,51,58
817,Jorge,Nisbet,Male,RS:636_2250,Puce,99,36,99
818,Babbie,Joutapaitis,Female,RS:236_5644,Khaki,92,42,49
819,Bebe,Rewcassell,Female,RS:534_6401,Indigo,92,52,85
820,Haley,Ruffler,Male,RS:148_9275,Fuscia,87,75,44
821,Steven,Doghartie,Male,RS:598_9091,Crimson,93,41,61
822,Melvyn,Metzing,Male,RS:528_0764,Crimson,75,91,79
823,Cletis,McClements,Male,RS:897_6867,Green,77,95,61
824,Eben,Kleinhausen,Male,RS:445_2101,Aquamarine,53,84,73
825,Dael,Dallender,Male,RS:982_1538,Orange,74,37,95
826,Marybelle,Bernaciak,Female,RS:485_0624,Orange,56,68,46
827,Vassily,Mc Caghan,Male,RS:660_8008,Turquoise,75,68,47
828,Junie,Park,Female,RS:371_2644,Yellow,76,72,55
829,Nikolaos,Agass,Male,RS:703_2246,Turquoise,90,69,89
830,Aylmar,Leith,Male,RS:015_6711,Yellow,67,70,39
831,Lazar,Follit,Male,RS:218_3327,Teal,76,81,37
832,Alfred,Pledge,Male,RS:153_5192,Violet,81,67,83
833,Sonni,Pochet,Female,RS:859_9666,Teal,82,82,61
834,Ferguson,Kilian,Male,RS:856_1694,Fuscia,76,43,74
835,Hardy,Reedyhough,Male,RS:569_6804,Purple,96,39,69
836,Ashla,Pattisson,Female,RS:889_4759,Aquamarine,83,42,73
837,Diahann,Tinan,Female,RS:845_0478,Turquoise,88,94,99
838,Hercules,Goracci,Male,RS:773_8725,Aquamarine,68,53,79
839,Thain,Coucha,Male,RS:560_3280,Red,77,94,87
840,Jeffry,Petley,Male,RS:647_2367,Green,80,54,35
841,Kingsly,Chance,Male,RS:198_2022,Pink,51,40,85
842,Adrian,Nestor,Male,RS:354_4100,Maroon,52,37,98
843,Alvie,Cavet,Male,RS:069_8575,Mauv,55,76,71
844,Putnam,Brownill,Male,RS:537_3118,Purple,84,44,90
845,Ingrim,Forrest,Male,RS:468_1860,Purple,97,78,95
846,Eudora,Cogle,Female,RS:367_6337,Blue,94,85,59
847,Darcy,Bramble,Male,RS:180_3261,Purple,68,73,99
848,Olva,Saggers,Female,RS:244_0641,Blue,61,88,71
849,Alika,Comelini,Female,RS:389_6167,Crimson,58,48,69
850,Elena,Ellit,Female,RS:494_5392,Purple,91,99,74
851,Portie,Mecozzi,Male,RS:906_4876,Blue,51,37,65
852,Neddie,Somes,Male,RS:400_1739,Turquoise,79,51,83
853,Alair,Fishley,Male,RS:075_8110,Goldenrod,68,57,71
854,Major,Simone,Male,RS:928_6572,Green,51,91,36
855,Riki,Russon,Female,RS:205_9636,Violet,75,97,53
856,Hew,Ree,Male,RS:893_1553,Blue,78,83,86
857,Lola,Starkey,Female,RS:519_4708,Goldenrod,57,78,67
858,Rochester,Leinweber,Male,RS:361_9975,Blue,50,89,53
859,Jennette,Greenleaf,Female,RS:092_3494,Goldenrod,86,66,98
860,Jarret,Crawforth,Male,RS:837_6599,Puce,80,43,47
861,Ferdinand,Keitley,Male,RS:167_3189,Pink,98,57,82
862,Nanci,Smaile,Female,RS:524_2658,Khaki,55,43,88
863,Junia,Ravenscraft,Female,RS:748_5496,Orange,92,97,47
864,Neddie,Iglesia,Male,RS:418_6270,Maroon,83,47,63
865,Dulcea,Greated,Female,RS:931_0362,Khaki,98,42,50
866,Torrance,St. Hill,Male,RS:711_1219,Fuscia,75,75,40
867,Myrah,Ahrens,Female,RS:199_3437,Khaki,95,47,44
868,Miguela,Sergison,Female,RS:436_8018,Blue,80,69,35
869,Madella,Joncic,Female,RS:370_1939,Crimson,100,49,58
870,Micah,Sibbs,Male,RS:643_6241,Teal,62,67,99
871,Bale,Chishull,Male,RS:334_2800,Teal,77,96,78
872,Chaim,Preto,Male,RS:766_6713,Puce,87,39,55
873,Allan,Stanex,Male,RS:005_6228,Blue,56,59,58
874,Jannel,Bayford,Female,RS:439_8523,Blue,84,66,44
875,Kincaid,Kohneke,Male,RS:248_1475,Blue,79,97,56
876,Sarine,Ruddoch,Female,RS:012_8895,Khaki,71,96,44
877,Nevil,Kneeland,Male,RS:749_7444,Turquoise,83,81,40
878,Amalle,Ollier,Female,RS:082_1227,Aquamarine,53,40,74
879,Izzy,Minet,Male,RS:386_7356,Blue,75,47,98
880,Helga,Legate,Female,RS:367_6472,Teal,75,57,51
881,Cullin,Case,Male,RS:335_4425,Puce,71,46,64
882,Peggi,Ferneley,Female,RS:834_1632,Teal,73,57,38
883,Prescott,Higounet,Male,RS:000_1071,Yellow,60,35,48
884,Flynn,Passmore,Male,RS:401_9215,Indigo,71,99,79
885,Reena,Epdell,Female,RS:419_9574,Mauv,54,98,74
886,Janka,Twells,Female,RS:953_9224,Orange,54,64,79
887,Dino,Cowling,Male,RS:259_5723,Maroon,62,63,49
888,Mariquilla,todor,Female,RS:502_1525,Turquoise,89,91,59
889,Gardner,Stitcher,Male,RS:488_4375,Puce,54,54,75
890,Nikolia,Turley,Female,RS:274_0609,Green,51,46,100
891,Doralia,Aldwick,Female,RS:249_5889,Turquoise,73,90,38
892,Michal,Ironmonger,Male,RS:556_8391,Teal,82,75,82
893,Walker,Longmire,Male,RS:451_2008,Fuscia,54,58,41
894,Bordie,Burrett,Male,RS:042_1333,Puce,53,35,69
895,Nicol,Yokel,Male,RS:135_5717,Maroon,54,89,97
896,Olvan,Ayton,Male,RS:818_8834,Puce,68,92,69
897,Ange,Skough,Female,RS:673_5216,Purple,67,37,84
898,Wilburt,Petruk,Male,RS:392_2829,Blue,59,75,93
899,Candice,Worsfield,Female,RS:457_9695,Fuscia,59,76,99
900,Arline,Chapple,Female,RS:398_8374,Orange,83,53,92
901,Moreen,MacArthur,Female,RS:689_3753,Teal,91,74,92
902,Madonna,Garrard,Female,RS:376_4002,Aquamarine,76,86,70
903,Shelia,Warlawe,Female,RS:813_1726,Goldenrod,70,61,67
904,Madelle,Belt,Female,RS:107_1460,Pink,65,51,94
905,Corrine,Sasser,Female,RS:843_8797,Yellow,87,67,68
906,Sebastian,Dudney,Male,RS:193_3802,Indigo,60,64,61
907,Biddie,Brimilcome,Female,RS:683_5533,Green,85,73,82
908,Boote,Tonbye,Male,RS:926_6664,Blue,64,66,68
909,Shanna,Rainger,Female,RS:238_9146,Orange,56,79,95
910,Mabelle,Marieton,Female,RS:170_1021,Puce,82,53,77
911,Lena,Reuble,Female,RS:859_8810,Crimson,87,70,87
912,Kimbra,Lowerson,Female,RS:812_0645,Crimson,95,45,62
913,Susi,Falkous,Female,RS:039_5047,Yellow,87,45,53
914,Zollie,Regis,Male,RS:656_9449,Khaki,78,38,73
915,Linell,Ellsworthe,Female,RS:943_5733,Goldenrod,61,47,78
916,Antonina,Weildish,Female,RS:125_3088,Yellow,55,39,48
917,Brooks,Whetnell,Male,RS:635_6591,Teal,97,74,81
918,Kissiah,Wyllis,Female,RS:621_3234,Indigo,88,37,61
919,Steven,Cathel,Male,RS:628_2869,Maroon,86,65,83
920,Herminia,Christene,Female,RS:015_7393,Maroon,73,76,63
921,Koren,Johannesson,Female,RS:866_5532,Fuscia,67,88,69
922,Amandi,Walcar,Female,RS:112_4493,Orange,92,82,42
923,Wenonah,Milberry,Female,RS:957_9917,Aquamarine,69,64,47
924,Dorolisa,Smithin,Female,RS:544_7358,Pink,89,53,51
925,Guillaume,Griswood,Male,RS:907_2255,Red,83,77,52
926,Ferdie,Stonhard,Male,RS:305_7299,Pink,54,82,57
927,Hayden,Mayte,Male,RS:552_7014,Khaki,58,90,99
928,Meghan,Moynham,Female,RS:859_9823,Indigo,82,80,69
929,Valdemar,Aitkenhead,Male,RS:419_9461,Goldenrod,69,37,46
930,Scarlett,Anthoine,Female,RS:718_4562,Mauv,100,71,68
931,Gordie,Burrow,Male,RS:814_2908,Goldenrod,74,46,78
932,Adiana,Deevey,Female,RS:155_7534,Puce,97,82,90
933,Bevvy,Scamwell,Female,RS:785_1863,Blue,57,72,79
934,Pooh,Francello,Male,RS:055_4396,Violet,54,64,69
935,Deanna,Folshom,Female,RS:549_8689,Khaki,58,90,93
936,Derek,Bossons,Male,RS:169_9541,Crimson,96,78,97
937,Betteanne,Dewan,Female,RS:395_0972,Khaki,54,56,40
938,Sheri,Bradnum,Female,RS:913_7182,Crimson,79,43,77
939,Germaine,Brusin,Male,RS:255_8683,Teal,82,46,85
940,Kathlin,Ashburne,Female,RS:176_8909,Maroon,71,63,95
941,Barn,Thal,Male,RS:693_0474,Violet,73,92,90
942,Adriano,Laffoley-Lane,Male,RS:974_8179,Puce,70,65,55
943,Hy,Hearne,Male,RS:656_0231,Indigo,93,86,99
944,Janeen,Cunde,Female,RS:228_8057,Indigo,68,51,39
945,Ange,Tesauro,Female,RS:963_1360,Turquoise,54,53,59
946,Evey,Ramalho,Female,RS:011_1936,Fuscia,88,75,84
947,Osbourne,O'Loinn,Male,RS:038_1522,Purple,100,79,68
948,Nady,Eisold,Female,RS:213_2876,Goldenrod,52,62,45
949,Devora,Joslin,Female,RS:176_8757,Orange,78,78,71
950,Valenka,Dacey,Female,RS:540_9522,Indigo,73,67,60
951,Dottie,Malling,Female,RS:792_1353,Indigo,60,43,92
952,Agnes,Rontree,Female,RS:605_0088,Turquoise,88,35,83
953,Heloise,Crace,Female,RS:116_8883,Crimson,61,49,90
954,Anneliese,Beauman,Female,RS:637_9599,Yellow,61,49,39
955,Boote,Pisco,Male,RS:936_0844,Goldenrod,79,91,71
956,Simone,Lyven,Female,RS:648_3820,Purple,76,51,56
957,Rosemary,Crockley,Female,RS:768_7002,Aquamarine,62,86,61
958,Othella,Dy,Female,RS:946_3186,Puce,53,92,97
959,Brendis,Gunning,Male,RS:248_3600,Purple,61,62,84
960,Kiel,Chaucer,Male,RS:335_0253,Purple,70,95,72
961,Maximilianus,Ipsly,Male,RS:168_8004,Green,68,41,55
962,Wynn,Whitby,Male,RS:670_8990,Fuscia,90,91,59
963,Travers,Condy,Male,RS:960_0315,Pink,98,74,80
964,Hally,Fallen,Female,RS:383_9704,Maroon,76,82,88
965,Gayle,Wintle,Male,RS:884_1258,Crimson,53,86,45
966,Tirrell,Berthon,Male,RS:594_7482,Khaki,50,77,40
967,Ban,Tunnadine,Male,RS:723_3557,Turquoise,56,46,83
968,Parnell,Zettoi,Male,RS:048_0270,Green,64,64,38
969,Cleavland,Blackborough,Male,RS:875_7288,Maroon,65,99,87
970,Winna,Crockett,Female,RS:788_8651,Red,97,55,89
971,Wayne,Brettle,Male,RS:631_7143,Teal,87,62,84
972,Jefferey,Barabich,Male,RS:997_0087,Red,80,65,70
973,Berty,Hadgkiss,Male,RS:913_7721,Indigo,80,61,63
974,Ema,Cronshaw,Female,RS:993_3344,Crimson,73,39,64
975,Ruperto,Paliser,Male,RS:749_2290,Turquoise,61,59,95
976,Hussein,Skerm,Male,RS:966_7452,Khaki,81,49,83
977,Barbara-anne,Martynov,Female,RS:131_4381,Crimson,79,60,67
978,Bartholemy,Wedon,Male,RS:206_0894,Indigo,78,52,35
979,Elyssa,Jenkerson,Female,RS:415_1468,Pink,78,84,49
980,Bucky,Jobey,Male,RS:321_2515,Teal,70,90,93
981,Davidde,Brian,Male,RS:466_2309,Khaki,83,78,37
982,Dean,Bernaldez,Male,RS:412_1920,Red,85,100,52
983,Deirdre,Adrian,Female,RS:317_4610,Red,91,76,66
984,Minnie,Wardlaw,Female,RS:297_2080,Khaki,61,99,80
985,Norean,Alen,Female,RS:526_2398,Khaki,99,44,50
986,Sergio,Minards,Male,RS:925_1953,Blue,51,84,63
987,Herve,Pitrasso,Male,RS:541_2357,Yellow,66,37,52
988,Thurstan,Narey,Male,RS:651_2656,Yellow,72,64,65
989,Loella,Plumstead,Female,RS:074_9860,Khaki,64,61,86
990,Georgianne,Gilliard,Female,RS:630_3067,Turquoise,89,53,55
991,Jaquelin,Battelle,Female,RS:234_9868,Orange,86,88,49
992,Dory,Lester,Female,RS:510_2559,Indigo,99,98,38
993,Bryanty,Chrispin,Male,RS:708_8376,Pink,66,77,91
994,Alexandrina,Huelin,Female,RS:415_8866,Aquamarine,78,89,65
995,Hamid,Alison,Male,RS:045_5107,Turquoise,90,54,38
996,Evan,Pischof,Male,RS:059_3402,Orange,84,87,83
997,Kurtis,Blackeby,Male,RS:212_4814,Green,99,57,35
998,Boyd,Mulkerrins,Male,RS:747_8664,Maroon,58,36,94
999,Dino,Wrathall,Male,RS:524_0872,Goldenrod,91,49,100
1000,Prinz,Mosten,Male,RS:742_8424,Red,70,90,37
